,event_date,country,counts,population,events_per_capita,gdp_per_capita,Western,Asian,South American,public_trust_percentage
0,2021,Australia,681,25685412,2.6513104014060600,60697.2454358579,1,0,0,51.9
1,2022,Australia,794,26005540,3.053195588324640,65099.8459118981,1,0,0,49.9
2,2020,Austria,354,8916864,3.970005598380780,48789.4978498872,1,0,0,62.6
3,2021,Austria,562,8955797,6.275265060161590,53517.8904509612,1,0,0,61.0
4,2022,Austria,294,9041851,3.2515466136303300,52084.6811953372,1,0,0,61.0
5,2020,Belgium,784,11538604,6.7945827762179900,45609.0034936111,1,0,0,29.5
6,2021,Belgium,833,11586195,7.189590715502370,51850.3971840229,1,0,0,47.3
7,2022,Belgium,523,11685814,4.475511932673240,49926.8254295305,1,0,0,57.2
8,2018,Brazil,6549,210166592,3.1160994417228800,9121.02099480377,0,0,1,16.8
9,2019,Brazil,3346,211782878,1.579919978233560,8845.32414932264,0,0,1,34.1
10,2020,Brazil,2514,213196304,1.1791949263810900,6923.6999117682,0,0,1,36.2
11,2021,Brazil,4060,214326223,1.8943085653126100,7696.78483012849,0,0,1,32.7
12,2022,Brazil,3728,215313498,1.7314288396355000,8917.67491057495,0,0,1,39.2
13,2021,Canada,1691,38226498,4.423633051607290,52515.1998350503,1,0,0,61.0
14,2022,Canada,1828,38929902,4.695619321106950,55522.445687688,1,0,0,50.7
15,2018,Chile,1033,18701450,5.523635867807040,15820.0333571155,0,0,1,33.5
16,2019,Chile,1590,19039485,8.351066218440260,14632.6903076927,0,0,1,15.3
17,2020,Chile,1048,19300315,5.4299631897199600,13173.7847941723,0,0,1,17.1
18,2021,Chile,880,19493184,4.514398468716040,16240.6077759729,0,0,1,23.2
19,2022,Chile,927,19603733,4.728691214066220,15355.4797401048,0,0,1,28.7
20,2018,Colombia,406,49276961,0.8239144455357140,6782.03792033195,0,0,1,27.5
21,2019,Colombia,624,50187406,1.243339813179430,6436.50921529527,0,0,1,32.8
22,2020,Colombia,686,50930662,1.3469292820109000,5304.28912886641,0,0,1,37.4
23,2021,Colombia,2283,51516562,4.431584545568080,6182.70709867964,0,0,1,28.9
24,2022,Colombia,1364,51874024,2.629447061982310,6624.16539269075,0,0,1,29.7
25,2018,Costa Rica,299,5040734,5.93167582340191,12383.1499522763,0,0,0,48.0
26,2019,Costa Rica,335,5084532,6.588610318511120,12669.3411549351,0,0,0,28.3
27,2020,Costa Rica,565,5123105,11.028468087224400,12179.2566735195,0,0,0,29.8
28,2021,Costa Rica,192,5153957,3.7252930127278900,12604.0488374731,0,0,0,31.5
29,2022,Costa Rica,164,5180829,3.165516561152670,13365.3563992692,0,0,0,60.0
30,2020,Denmark,561,5831404,9.620324710824360,60836.5924121638,1,0,0,71.6
31,2021,Denmark,828,5856733,14.137574651260400,69268.6517983134,1,0,0,65.2
32,2022,Denmark,371,5903037,6.284900467335710,67790.0539923276,1,0,0,63.5
33,2020,Estonia,141,1329522,10.605315293767200,23595.2436836441,1,0,0,46.5
34,2021,Estonia,113,1330932,8.490291014116430,27943.701219882,1,0,0,51.9
35,2022,Estonia,74,1348840,5.486195545802320,28247.095992497,1,0,0,50.8
36,2020,Finland,216,5529543,3.9062902666639900,49169.7193388499,1,0,0,80.9
37,2021,Finland,265,5541017,4.782515556259800,53504.6936483441,1,0,0,71.4
38,2022,Finland,345,5556106,6.209384774156580,50871.9304508821,1,0,0,77.5
39,2020,France,5165,67571107,7.643799590259790,39179.7442596057,1,0,0,41.0
40,2021,France,8356,67764304,12.33097590731550,43671.3084099631,1,0,0,43.4
41,2022,France,6421,67971311,9.446632565318620,40886.2532680273,1,0,0,43.4
42,2020,Germany,4292,83160871,5.161081105078850,46749.4762280016,1,0,0,65.4
43,2021,Germany,4215,83196078,5.06634459379203,51426.7503654421,1,0,0,60.5
44,2022,Germany,4770,83797985,5.6922609773970100,48717.9911402128,1,0,0,60.8
45,2018,Greece,203,10732882,1.8913838799308500,19756.990456255,1,0,0,15.7
46,2019,Greece,497,10721582,4.635509946200100,19143.8876174584,1,0,0,39.6
47,2020,Greece,660,10698599,6.169032038680950,17617.2915057014,1,0,0,39.7
48,2021,Greece,558,10569207,5.279487855616790,20310.6824798873,1,0,0,40.2
49,2022,Greece,434,10426919,4.162303361136690,20867.2690861087,1,0,0,25.6
50,2020,Hungary,199,9750149,2.040994450443780,16125.6094085407,1,0,0,42.9
51,2021,Hungary,128,9709891,1.3182434282732900,18753.0469453539,1,0,0,41.7
52,2022,Hungary,415,9643048,4.303618523935590,18390.1849993244,1,0,0,44.2
53,2020,Iceland,29,366463,7.913486491132800,58848.41812446,1,0,0,59.2
54,2021,Iceland,28,372520,7.516374959733710,68710.2442005473,1,0,0,63.4
55,2022,Iceland,28,382003,7.3297853681777400,73466.7786674708,1,0,0,51.5
56,2020,Ireland,279,4985382,5.596361522547320,85973.0884875501,1,0,0,58.8
57,2021,Ireland,218,5033164,4.331271542115460,102001.798249145,1,0,0,62.3
58,2022,Ireland,279,5127170,5.441598386634340,103983.29133582,1,0,0,62.3
59,2016,Israel,130,8546000,1.5211794991809000,37690.4739511859,0,0,0,43.8
60,2017,Israel,289,8713300,3.3167686180895900,41114.7817082553,0,0,0,38.9
61,2018,Israel,390,8882800,4.39050749763588,42406.8454263606,0,0,0,42.2
62,2019,Israel,427,9054000,4.716147559089910,44452.2325623093,0,0,0,49.6
63,2020,Israel,1221,9215100,13.24999186118440,44846.7915954816,0,0,0,38.9
64,2021,Israel,994,9371400,10.606739654694100,52129.5159612108,0,0,0,44.0
65,2022,Israel,737,9557500,7.711221553753600,54930.9388075096,0,0,0,44.0
66,2020,Italy,5488,59438851,9.233018316588930,31922.9191626183,1,0,0,37.5
67,2021,Italy,7367,59133173,12.458320137835300,36449.2583375837,1,0,0,35.4
68,2022,Italy,4594,58940425,7.794310950421550,34776.423234274,1,0,0,35.4
69,2018,Japan,1637,126811000,1.2908974773481800,39751.1330982711,0,1,0,38.5
70,2019,Japan,1289,126633000,1.0179021266178600,40415.9567649547,0,1,0,41.1
71,2020,Japan,1515,126261000,1.199895454653460,40040.7655055923,0,1,0,42.3
72,2021,Japan,1419,125681593,1.129043614206900,40058.5373276179,0,1,0,29.1
73,2022,Japan,1584,125124989,1.2659341772249800,34017.2718075024,0,1,0,43.1
74,2020,Latvia,68,1900449,3.57810180646784,18096.2027073394,1,0,0,30.7
75,2021,Latvia,62,1884490,3.290014805066620,20930.3982374189,1,0,0,29.5
76,2022,Latvia,47,1879383,2.500820748085940,21779.5042572825,1,0,0,29.5
77,2020,Lithuania,59,2794885,2.1109992003248800,20381.8557827478,1,0,0,47.4
78,2021,Lithuania,148,2800839,5.284130933623820,23849.6156993566,1,0,0,30.4
79,2022,Lithuania,76,2831639,2.6839579480293900,25064.808914729,1,0,0,30.4
80,2020,Luxembourg,35,630419,5.551863125952740,116905.370396853,1,0,0,78.0
81,2021,Luxembourg,32,640064,4.999500049995,133711.794435985,1,0,0,78.0
82,2022,Luxembourg,33,653103,5.052801778586230,125006.021815486,1,0,0,78.0
83,2018,Mexico,4271,124013861,3.4439698639815800,10130.3206984553,0,0,1,29.5
84,2019,Mexico,4820,125085311,3.8533701211327700,10434.5783651735,0,0,1,49.5
85,2020,Mexico,5650,125998302,4.484187413890700,8894.89065003643,0,0,1,45.9
86,2021,Mexico,6148,126705138,4.852210492048080,10359.1498625832,0,0,1,48.3
87,2022,Mexico,6019,127504125,4.720631587409430,11496.5228716049,0,0,1,52.9
88,2020,Netherlands,580,17441500,3.325402058309210,52162.5701150406,1,0,0,78.1
89,2021,Netherlands,583,17533044,3.3251499283296200,58727.8705471475,1,0,0,58.5
90,2022,Netherlands,706,17700982,3.988479283239770,57025.01245598,1,0,0,47.2
91,2020,Norway,294,5379475,5.465217330687470,68340.0181033702,1,0,0,82.9
92,2021,Norway,307,5408320,5.676439263948880,93072.8925119571,1,0,0,77.4
93,2022,Norway,482,5457127,8.83248639806257,108729.18690323,1,0,0,63.6
94,2020,Poland,1827,37899070,4.820698766486880,15816.8204021382,1,0,0,27.3
95,2021,Poland,1806,37747124,4.784470467206990,18050.2794441161,1,0,0,25.9
96,2022,Poland,1152,36821749,3.128585771414610,18688.0044867103,1,0,0,34.2
97,2020,Portugal,359,10297081,3.486424939261910,22242.406417972,1,0,0,61.5
98,2021,Portugal,616,10361831,5.944895260306790,24661.1664874576,1,0,0,57.6
99,2022,Portugal,331,10409704,3.179725379319140,24515.2658507319,1,0,0,58.9
100,2020,Slovenia,132,2102419,6.278482072317650,25558.4290544506,1,0,0,45.3
101,2021,Slovenia,138,2108079,6.546244234680010,29331.0647010043,1,0,0,33.9
102,2022,Slovenia,64,2111986,3.0303231176721800,28439.3340989687,1,0,0,45.1
103,2020,Spain,3348,47365655,7.068412756035990,26984.2962770279,1,0,0,38.2
104,2021,Spain,4405,47415794,9.29015340331536,30488.8209528797,1,0,0,37.2
105,2022,Spain,3816,47778340,7.986882759007530,29674.5442864413,1,0,0,37.2
106,2020,Sweden,904,10353442,8.73139580054633,52837.9039778149,1,0,0,67.1
107,2021,Sweden,1244,10415811,11.943381077095200,61417.6808766469,1,0,0,63.4
108,2022,Sweden,1473,10486941,14.04604069003540,56424.2846986686,1,0,0,68.8
109,2020,Switzerland,165,8638167,1.9101274610690000,85897.7843338323,1,0,0,84.6
110,2021,Switzerland,217,8704546,2.492950235428710,93446.4344518943,1,0,0,83.8
111,2022,Switzerland,186,8775760,2.119474552631340,93259.9057183024,1,0,0,83.8
112,2020,United Kingdom,2196,67081234,3.273642819391190,40217.0090116986,1,0,0,34.7
113,2021,United Kingdom,1585,67026292,2.3647436740197400,46869.759058411,1,0,0,39.5
114,2022,United Kingdom,1745,66971395,2.6055900433311900,46125.2557513568,1,0,0,39.5
115,2020,United States,21585,331511512,6.511086106717160,63528.6343027508,1,0,0,46.5
116,2021,United States,13147,332031554,3.959563433540420,70219.472454115,1,0,0,40.5
117,2022,United States,12183,333287557,3.6554019927002600,76329.5822652029,1,0,0,31.0